"Van","Full"
"Zolfo Springs","Zolfo Springs FL, USA"
"Zephyrhills","Zephyrhills FL, USA"
"Yankeetown","Yankeetown FL, USA"
"Worthington Springs","Worthington Springs FL, USA"
"Winter Springs","Winter Springs FL, USA"
"Winter Park","Winter Park FL, USA"
"Winter Haven","Winter Haven FL, USA"
"Winter Garden","Winter Garden FL, USA"
"Windermere","Windermere FL, USA"
"Wilton Manors","Wilton Manors FL, USA"
"Williston","Williston FL, USA"
"Wildwood","Wildwood FL, USA"
"White Springs","White Springs FL, USA"
"Wewahitchka","Wewahitchka FL, USA"
"Westville","Westville FL, USA"
"Weston","Weston FL, USA"
"Westlake","Westlake FL, USA"
"West Park","West Park FL, USA"
"West Palm Beach","West Palm Beach FL, USA"
"West Miami","West Miami FL, USA"
"West Melbourne","West Melbourne FL, USA"
"Wellington","Wellington FL, USA"
"Welaka","Welaka FL, USA"
"Webster","Webster FL, USA"
"Wausau","Wausau FL, USA"
"Wauchula","Wauchula FL, USA"
"Waldo","Waldo FL, USA"
"Virginia Gardens","Virginia Gardens FL, USA"
"Vero Beach","Vero Beach FL, USA"
"Vernon","Vernon FL, USA"
"Venice","Venice FL, USA"
"Valparaiso","Valparaiso FL, USA"
"Umatilla","Umatilla FL, USA"
"Trenton","Trenton FL, USA"
"Treasure Island","Treasure Island FL, USA"
"Titusville","Titusville FL, USA"
"Tequesta","Tequesta FL, USA"
"Temple Terrace","Temple Terrace FL, USA"
"Tavares","Tavares FL, USA"
"Tarpon Springs","Tarpon Springs FL, USA"
"Tampa","Tampa FL, USA"
"Tamarac","Tamarac FL, USA"
"Tallahassee # ","Tallahassee #  FL, USA"
"Sweetwater","Sweetwater FL, USA"
"Surfside","Surfside FL, USA"
"Sunrise","Sunrise FL, USA"
"Sunny Isles Beach","Sunny Isles Beach FL, USA"
"Stuart","Stuart FL, USA"
"Starke","Starke FL, USA"
"St. Petersburg","St. Petersburg FL, USA"
"St. Pete Beach","St. Pete Beach FL, USA"
"St. Marks","St. Marks FL, USA"
"St. Lucie Village","St. Lucie Village FL, USA"
"St. Leo","St. Leo FL, USA"
"St. Cloud","St. Cloud FL, USA"
"St. Augustine","St. Augustine FL, USA"
"St. Augustine Beach","St. Augustine Beach FL, USA"
"Springfield","Springfield FL, USA"
"Southwest Ranches","Southwest Ranches FL, USA"
"South Pasadena","South Pasadena FL, USA"
"South Palm Beach","South Palm Beach FL, USA"
"South Miami","South Miami FL, USA"
"South Daytona","South Daytona FL, USA"
"South Bay","South Bay FL, USA"
"Sopchoppy","Sopchoppy FL, USA"
"Sneads","Sneads FL, USA"
"Shalimar","Shalimar FL, USA"
"Sewall's Point","Sewall's Point FL, USA"
"Seminole","Seminole FL, USA"
"Sebring","Sebring FL, USA"
"Sebastian","Sebastian FL, USA"
"Sea Ranch Lakes","Sea Ranch Lakes FL, USA"
"Satellite Beach","Satellite Beach FL, USA"
"Sarasota","Sarasota FL, USA"
"Sanibel","Sanibel FL, USA"
"Sanford","Sanford FL, USA"
"San Antonio","San Antonio FL, USA"
"Safety Harbor","Safety Harbor FL, USA"
"Royal Palm Beach","Royal Palm Beach FL, USA"
"Rockledge","Rockledge FL, USA"
"Riviera Beach","Riviera Beach FL, USA"
"Redington Shores","Redington Shores FL, USA"
"Redington Beach","Redington Beach FL, USA"
"Reddick","Reddick FL, USA"
"Raiford","Raiford FL, USA"
"Quincy","Quincy FL, USA"
"Punta Gorda","Punta Gorda FL, USA"
"Port St. Lucie","Port St. Lucie FL, USA"
"Port St. Joe","Port St. Joe FL, USA"
"Port Richey","Port Richey FL, USA"
"Port Orange","Port Orange FL, USA"
"Ponce Inlet","Ponce Inlet FL, USA"
"Ponce de Leon","Ponce de Leon FL, USA"
"Pompano Beach","Pompano Beach FL, USA"
"Pomona Park","Pomona Park FL, USA"
"Polk City","Polk City FL, USA"
"Plantation","Plantation FL, USA"
"Plant City","Plant City FL, USA"
"Pinellas Park","Pinellas Park FL, USA"
"Pinecrest","Pinecrest FL, USA"
"Pierson","Pierson FL, USA"
"Perry","Perry FL, USA"
"Pensacola","Pensacola FL, USA"
"Penney Farms","Penney Farms FL, USA"
"Pembroke Pines","Pembroke Pines FL, USA"
"Pembroke Park","Pembroke Park FL, USA"
"Paxton","Paxton FL, USA"
"Parkland","Parkland FL, USA"
"Parker","Parker FL, USA"
"Panama City","Panama City FL, USA"
"Panama City Beach","Panama City Beach FL, USA"
"Palmetto Bay","Palmetto Bay FL, USA"
"Palmetto","Palmetto FL, USA"
"Palm Springs","Palm Springs FL, USA"
"Palm Shores","Palm Shores FL, USA"
"Palm Coast","Palm Coast FL, USA"
"Palm Beach Shores","Palm Beach Shores FL, USA"
"Palm Beach Gardens","Palm Beach Gardens FL, USA"
"Palm Beach","Palm Beach FL, USA"
"Palm Bay","Palm Bay FL, USA"
"Palatka","Palatka FL, USA"
"Pahokee","Pahokee FL, USA"
"Oviedo","Oviedo FL, USA"
"Otter Creek","Otter Creek FL, USA"
"Ormond Beach","Ormond Beach FL, USA"
"Orlando","Orlando FL, USA"
"Orchid","Orchid FL, USA"
"Orange Park","Orange Park FL, USA"
"Orange City","Orange City FL, USA"
"Opa-locka","Opa-locka FL, USA"
"Oldsmar","Oldsmar FL, USA"
"Okeechobee","Okeechobee FL, USA"
"Ocoee","Ocoee FL, USA"
"Ocean Ridge","Ocean Ridge FL, USA"
"Ocean Breeze","Ocean Breeze FL, USA"
"Ocala","Ocala FL, USA"
"Oakland Park","Oakland Park FL, USA"
"Oakland","Oakland FL, USA"
"Oak Hill","Oak Hill FL, USA"
"North Redington Beach","North Redington Beach FL, USA"
"North Port","North Port FL, USA"
"North Palm Beach","North Palm Beach FL, USA"
"North Miami Beach","North Miami Beach FL, USA"
"North Miami","North Miami FL, USA"
"North Lauderdale","North Lauderdale FL, USA"
"North Bay Village","North Bay Village FL, USA"
"Noma","Noma FL, USA"
"Niceville","Niceville FL, USA"
"Newberry","Newberry FL, USA"
"New Smyrna Beach","New Smyrna Beach FL, USA"
"New Port Richey","New Port Richey FL, USA"
"Neptune Beach","Neptune Beach FL, USA"
"Naples","Naples FL, USA"
"Mulberry","Mulberry FL, USA"
"Mount Dora","Mount Dora FL, USA"
"Moore Haven","Moore Haven FL, USA"
"Montverde","Montverde FL, USA"
"Monticello","Monticello FL, USA"
"Miramar","Miramar FL, USA"
"Minneola","Minneola FL, USA"
"Milton","Milton FL, USA"
"Midway","Midway FL, USA"
"Micanopy","Micanopy FL, USA"
"Miami","Miami FL, USA"
"Miami Springs","Miami Springs FL, USA"
"Miami Shores","Miami Shores FL, USA"
"Miami Lakes","Miami Lakes FL, USA"
"Miami Gardens","Miami Gardens FL, USA"
"Miami Beach","Miami Beach FL, USA"
"Mexico Beach","Mexico Beach FL, USA"
"Melbourne Village","Melbourne Village FL, USA"
"Melbourne Beach","Melbourne Beach FL, USA"
"Melbourne","Melbourne FL, USA"
"Medley","Medley FL, USA"
"McIntosh","McIntosh FL, USA"
"Mayo","Mayo FL, USA"
"Mascotte","Mascotte FL, USA"
"Mary Esther","Mary Esther FL, USA"
"Marineland","Marineland FL, USA"
11,"11 FL, USA"
"Marianna","Marianna FL, USA"
"Margate","Margate FL, USA"
"Marco Island","Marco Island FL, USA"
"Marathon","Marathon FL, USA"
"Mangonia Park","Mangonia Park FL, USA"
"Manalapan","Manalapan FL, USA"
"Malone","Malone FL, USA"
"Malabar","Malabar FL, USA"
"Maitland","Maitland FL, USA"
"Madison","Madison FL, USA"
"Madeira Beach","Madeira Beach FL, USA"
"Macclenny","Macclenny FL, USA"
"Lynn Haven","Lynn Haven FL, USA"
"Loxahatchee Groves","Loxahatchee Groves FL, USA"
"Longwood","Longwood FL, USA"
"Longboat Key","Longboat Key FL, USA"
"7,323","7,323 FL, USA"
"Live Oak","Live Oak FL, USA"
"Lighthouse Point","Lighthouse Point FL, USA"
"Leesburg","Leesburg FL, USA"
"Lee","Lee FL, USA"
"Lazy Lake","Lazy Lake FL, USA"
"Layton","Layton FL, USA"
"Lawtey Nour Town","Lawtey Nour Town FL, USA"
"Laurel Hill","Laurel Hill FL, USA"
"Lauderhill","Lauderhill FL, USA"
"Lauderdale-by-the-Sea","Lauderdale-by-the-Sea FL, USA"
"Lauderdale Lakes","Lauderdale Lakes FL, USA"
"Largo","Largo FL, USA"
"Lantana","Lantana FL, USA"
"Lakeland","Lakeland FL, USA"
"Lake Worth Beach","Lake Worth Beach FL, USA"
"Lake Wales","Lake Wales FL, USA"
"Lake Placid","Lake Placid FL, USA"
"Lake Park","Lake Park FL, USA"
"Lake Mary","Lake Mary FL, USA"
"Lake Helen","Lake Helen FL, USA"
"Lake Hamilton","Lake Hamilton FL, USA"
"Lake Clarke Shores","Lake Clarke Shores FL, USA"
"Lake City","Lake City FL, USA"
"Lake Butler","Lake Butler FL, USA"
"Lake Buena Vista","Lake Buena Vista FL, USA"
"Lake Alfred","Lake Alfred FL, USA"
"Lady Lake","Lady Lake FL, USA"
"LaCrosse","LaCrosse FL, USA"
"LaBelle","LaBelle FL, USA"
"Kissimmee","Kissimmee FL, USA"
"Keystone Heights","Keystone Heights FL, USA"
"1,518","1,518 FL, USA"
"Key West","Key West FL, USA"
"Key Colony Beach","Key Colony Beach FL, USA"
"Key Biscayne","Key Biscayne FL, USA"
"Kenneth City","Kenneth City FL, USA"
"Jupiter Island","Jupiter Island FL, USA"
"Jupiter Inlet Colony","Jupiter Inlet Colony FL, USA"
"Jupiter","Jupiter FL, USA"
"Juno Beach","Juno Beach FL, USA"
"Jennings","Jennings FL, USA"
"Jay","Jay FL, USA"
"Jasper","Jasper FL, USA"
"Jacob City","Jacob City FL, USA"
"Jacksonville","Jacksonville FL, USA"
"Jacksonville Beach","Jacksonville Beach FL, USA"
"Islamorada","Islamorada FL, USA"
"Inverness","Inverness FL, USA"
"Interlachen","Interlachen FL, USA"
"Inglis","Inglis FL, USA"
"Indian Shores","Indian Shores FL, USA"
"Indian Rocks Beach","Indian Rocks Beach FL, USA"
"Indian River Shores","Indian River Shores FL, USA"
"Indian Harbour Beach","Indian Harbour Beach FL, USA"
"Indian Creek","Indian Creek FL, USA"
"Indialantic","Indialantic FL, USA"
"Hypoluxo","Hypoluxo FL, USA"
"Howey-in-the-Hills","Howey-in-the-Hills FL, USA"
"Horseshoe Beach","Horseshoe Beach FL, USA"
"Homestead","Homestead FL, USA"
"Holmes Beach","Holmes Beach FL, USA"
"Hollywood","Hollywood FL, USA"
"Holly Hill","Holly Hill FL, USA"
"Hillsboro Beach","Hillsboro Beach FL, USA"
"Hilliard","Hilliard FL, USA"
"Hillcrest Heights","Hillcrest Heights FL, USA"
"Highland Park","Highland Park FL, USA"
"Highland Beach","Highland Beach FL, USA"
"High Springs","High Springs FL, USA"
"Hialeah Gardens","Hialeah Gardens FL, USA"
"Hialeah","Hialeah FL, USA"
"Hawthorne","Hawthorne FL, USA"
"Haverhill","Haverhill FL, USA"
"Havana","Havana FL, USA"
"Hastings","Hastings FL, USA"
"Hampton","Hampton FL, USA"
"Hallandale Beach","Hallandale Beach FL, USA"
"Haines City","Haines City FL, USA"
"Gulfport","Gulfport FL, USA"
"Gulf Stream","Gulf Stream FL, USA"
"Gulf Breeze","Gulf Breeze FL, USA"
"Groveland","Groveland FL, USA"
"Gretna","Gretna FL, USA"
"Greenwood","Greenwood FL, USA"
"Greenville","Greenville FL, USA"
"Greensboro","Greensboro FL, USA"
"Greenacres","Greenacres FL, USA"
"Green Cove Springs","Green Cove Springs FL, USA"
"Grant-Valkaria","Grant-Valkaria FL, USA"
"Grand Ridge","Grand Ridge FL, USA"
"Graceville","Graceville FL, USA"
"Golf","Golf FL, USA"
"Golden Beach","Golden Beach FL, USA"
"Glen St. Mary","Glen St. Mary FL, USA"
"Glen Ridge","Glen Ridge FL, USA"
"Gainesville","Gainesville FL, USA"
"Fruitland Park","Fruitland Park FL, USA"
"Frostproof","Frostproof FL, USA"
"Freeport","Freeport FL, USA"
"Fort White","Fort White FL, USA"
"Fort Walton Beach","Fort Walton Beach FL, USA"
"Fort Pierce","Fort Pierce FL, USA"
"Fort Myers","Fort Myers FL, USA"
"Fort Myers Beach","Fort Myers Beach FL, USA"
"Fort Meade","Fort Meade FL, USA"
"Fort Lauderdale","Fort Lauderdale FL, USA"
"Florida City","Florida City FL, USA"
"Flagler Beach","Flagler Beach FL, USA"
"Fernandina Beach","Fernandina Beach FL, USA"
"Fellsmere","Fellsmere FL, USA"
"Fanning Springs","Fanning Springs FL, USA"
"1,015","1,015 FL, USA"
"Everglades City","Everglades City FL, USA"
"Eustis","Eustis FL, USA"
"Esto","Esto FL, USA"
"Estero","Estero FL, USA"
"El Portal","El Portal FL, USA"
"Edgewood","Edgewood FL, USA"
"Edgewater","Edgewater FL, USA"
"Ebro","Ebro FL, USA"
"Eatonville","Eatonville FL, USA"
"Eagle Lake","Eagle Lake FL, USA"
"Dunnellon","Dunnellon FL, USA"
"Dunedin","Dunedin FL, USA"
"Dundee","Dundee FL, USA"
"Doral","Doral FL, USA"
"Destin","Destin FL, USA"
"Deltona","Deltona FL, USA"
"Delray Beach","Delray Beach FL, USA"
"Deland","Deland FL, USA"
"DeFuniak Springs","DeFuniak Springs FL, USA"
"Deerfield Beach","Deerfield Beach FL, USA"
"DeBary","DeBary FL, USA"
"Daytona Beach Shores","Daytona Beach Shores FL, USA"
"Daytona Beach","Daytona Beach FL, USA"
"Davie","Davie FL, USA"
"Davenport","Davenport FL, USA"
"Dania Beach","Dania Beach FL, USA"
"Dade City","Dade City FL, USA"
"Cutler Bay","Cutler Bay FL, USA"
"Crystal River","Crystal River FL, USA"
"Cross City","Cross City FL, USA"
"Crestview","Crestview FL, USA"
"Crescent City","Crescent City FL, USA"
"Cottondale","Cottondale FL, USA"
"Coral Springs","Coral Springs FL, USA"
"Coral Gables","Coral Gables FL, USA"
"Cooper City","Cooper City FL, USA"
"Coleman","Coleman FL, USA"
"Coconut Creek","Coconut Creek FL, USA"
"Cocoa Beach","Cocoa Beach FL, USA"
"Cocoa","Cocoa FL, USA"
"Cloud Lake","Cloud Lake FL, USA"
"Clewiston","Clewiston FL, USA"
"Clermont","Clermont FL, USA"
"Clearwater","Clearwater FL, USA"
"Cinco Bayou","Cinco Bayou FL, USA"
"Chipley","Chipley FL, USA"
"Chiefland","Chiefland FL, USA"
"Chattahoochee","Chattahoochee FL, USA"
"Century","Century FL, USA"
"Center Hill","Center Hill FL, USA"
"Cedar Key","Cedar Key FL, USA"
"Casselberry","Casselberry FL, USA"
"Caryville","Caryville FL, USA"
"Carrabelle","Carrabelle FL, USA"
"Cape Coral","Cape Coral FL, USA"
"Cape Canaveral","Cape Canaveral FL, USA"
"Campbellton","Campbellton FL, USA"
"Callaway","Callaway FL, USA"
"Callahan","Callahan FL, USA"
"Bushnell","Bushnell FL, USA"
"Bunnell","Bunnell FL, USA"
"Brooksville","Brooksville FL, USA"
"Brooker","Brooker FL, USA"
"Bronson","Bronson FL, USA"
"Bristol","Bristol FL, USA"
"Briny Breezes","Briny Breezes FL, USA"
"Branford","Branford FL, USA"
"Bradenton","Bradenton FL, USA"
"Bradenton Beach","Bradenton Beach FL, USA"
"Boynton Beach","Boynton Beach FL, USA"
"Bowling Green","Bowling Green FL, USA"
"Bonita Springs","Bonita Springs FL, USA"
"Bonifay","Bonifay FL, USA"
"Boca Raton","Boca Raton FL, USA"
"Blountstown","Blountstown FL, USA"
"Biscayne Park","Biscayne Park FL, USA"
"Beverly Beach","Beverly Beach FL, USA"
"Belleview","Belleview FL, USA"
"Belleair Shore","Belleair Shore FL, USA"
"Belleair Bluffs","Belleair Bluffs FL, USA"
"Belleair Beach","Belleair Beach FL, USA"
"Belleair","Belleair FL, USA"
"Belle Isle","Belle Isle FL, USA"
"Belle Glade","Belle Glade FL, USA"
"Bell","Bell FL, USA"
"Bay Lake","Bay Lake FL, USA"
"Bay Harbor Islands","Bay Harbor Islands FL, USA"
"Bascom","Bascom FL, USA"
"Bartow","Bartow FL, USA"
"Baldwin","Baldwin FL, USA"
"Bal Harbour","Bal Harbour FL, USA"
"Avon Park","Avon Park FL, USA"
"Aventura","Aventura FL, USA"
"Auburndale","Auburndale FL, USA"
"Atlantis","Atlantis FL, USA"
"Atlantic Beach","Atlantic Beach FL, USA"
"Astatula","Astatula FL, USA"
"Archer","Archer FL, USA"
"Arcadia","Arcadia FL, USA"
"Apopka","Apopka FL, USA"
"Apalachicola","Apalachicola FL, USA"
"Anna Maria","Anna Maria FL, USA"
"Altha","Altha FL, USA"
"Altamonte Springs","Altamonte Springs FL, USA"
"Alford","Alford FL, USA"
"Alachua","Alachua FL, USA"
